success,miss,time,range,v_target,m_type,m_intensity,fail_mode,v_final
True,1.18,11.375,4648.406674692028,136.40269344285883,Weaving,3.6597696942053806,Success,219.5483566864981
False,1280.87,14.475,4192.472629335103,108.6937722414161,Virage,2.8915725102967347,Seeker Lost (FOR),148.77333789750304
True,1.1,5.56,2053.057737618534,95.5344616866501,Rectiligne,0.0,Success,287.209003315976
True,0.91,10.415,3073.089388932055,54.364729909730194,Weaving,5.245635610259507,Success,263.6340944832803
False,503.76,20.035,4193.3639826929975,53.70196113455762,Virage,7.218201880173293,Seeker Lost (FOR),86.1000293584168
True,1.39,7.635,2481.377943968047,122.24438275706426,Virage,2.926167312629293,Success,289.5030909801324
True,1.0,14.25,4861.416337583977,114.98366525792726,Weaving,5.437368736673067,Success,151.7875014366225
True,1.82,19.265,3734.2284135034233,53.589909983768656,Virage,7.52557459268178,Success,84.28466117040935
False,912.97,13.79,3860.4486503206713,113.37478287807913,Virage,6.164006976759407,Seeker Lost (FOR),175.53355151971093
True,0.43,2.355,706.9593590474574,87.48410897753149,Virage,5.395568371495621,Success,322.6401728205727
True,1.11,5.77,1264.9264208064383,111.97103685374154,Weaving,2.5724708805140386,Success,292.5393321323264
True,1.81,4.285,1648.9701867161932,140.12094235988832,Rectiligne,0.0,Success,290.2412509441656
True,1.35,5.725,2055.0453099938677,92.43089384608976,Weaving,2.7968679964355694,Success,285.5950532518599
True,0.7,3.87,1567.4256586740858,149.26920436268975,Weaving,4.632919263714722,Success,290.1723283205057
True,0.74,9.33,3586.097717303054,110.64064930764745,Weaving,3.144776605836778,Success,286.56496454003917
True,0.22,9.17,2085.4443012589245,117.77644586233595,Virage,7.030022701775099,Success,286.9063935070265
True,0.83,12.81,4565.316668328355,94.08231901628116,Weaving,2.3605335029848757,Success,181.05223116747143
True,1.05,5.11,1290.3803169993798,147.148958121134,Weaving,5.321890478269589,Success,293.314906202662
True,0.95,7.385,2668.3152344318355,83.87152538018863,Weaving,2.5630280600235307,Success,288.69713464963957
True,0.95,9.185,3758.9752043398316,130.4587644020562,Weaving,2.0556746204036047,Success,288.53585415551976
True,0.33,8.845,3527.7277184318914,132.24173012267744,Rectiligne,0.0,Success,285.69294573443386
False,1379.3,0.0,612.6109234091705,141.52559087431592,Rectiligne,0.0,Seeker Lost (FOR),100.0
True,1.76,14.995,4592.244372925514,63.977701250722106,Rectiligne,0.0,Success,148.1959096599001
True,0.7,3.955,937.3639937981972,95.36437568888925,Weaving,5.783896343117728,Success,285.73335712303606
True,1.13,3.865,1195.3530608442575,98.93470377896145,Weaving,2.1308651474201876,Success,296.66875908680913
True,1.81,13.03,4777.4982643314215,118.56802654812853,Weaving,3.4346953648492717,Success,170.8345542295868
False,272.26,4.835,1049.718735892687,116.2768738061978,Virage,2.1281447284182238,Seeker Lost (FOR),281.88132075769954
True,1.32,6.525,1596.0600372381064,56.86101528243559,Rectiligne,0.0,Success,291.41798189427504
True,0.18,10.73,4413.629420462951,140.05310356317582,Weaving,2.578751921282032,Success,244.32174829398767
True,0.82,4.955,1285.2370440562706,51.486032723070885,Rectiligne,0.0,Success,282.1143359454111
True,0.96,5.855,1284.1079063277973,102.60855265978671,Virage,6.6681022358852164,Success,287.72452562633765
True,1.53,3.32,990.7430450173049,54.33650368991717,Weaving,4.085804858852336,Success,296.0981574028917
False,11.64,3.84,773.7143337252762,118.60974960622328,Weaving,2.293962863065802,Seeker Lost (FOR),299.8433606262517
True,1.05,3.125,795.5700499405126,104.83564340483605,Weaving,4.122227349725298,Success,303.3708845156389
True,1.03,2.715,946.303077555689,115.09166648813054,Weaving,2.8600922653099876,Success,305.3372559633937
True,0.7,8.035,2025.1922847582885,59.50858392756309,Virage,4.245806140613221,Success,283.54730930373046
True,1.31,16.06,4653.4326608047295,59.32301017036774,Weaving,5.247077141109569,Success,122.21206056960087
True,0.31,8.8,3027.138862964326,85.35980796337677,Weaving,5.47236859547626,Success,287.5730175821653
True,1.14,9.855,3201.845410511047,71.2738805672006,Rectiligne,0.0,Success,289.6580752409474
True,1.08,12.105,4304.180383706052,107.41000043314627,Weaving,5.898186408502832,Success,191.59184368674755
True,0.52,8.935,3392.146237234241,132.9460789959663,Rectiligne,0.0,Success,287.95212280835597
True,0.65,5.555,1890.4310997345956,136.98627065364383,Virage,2.8512479249076117,Success,290.5812071376032
True,1.0,2.105,637.9569427140766,91.98324937645032,Rectiligne,0.0,Success,327.7064824875631
True,2.0,18.6,3995.7602898503346,55.260882642552176,Virage,6.043812263678678,Success,108.33967251879946
True,1.99,9.915,3478.7241176371754,77.31668443647695,Rectiligne,0.0,Success,284.9111409844317
True,1.01,4.915,1774.609115362022,116.71325587363496,Rectiligne,0.0,Success,284.9637264952182
True,0.68,2.745,534.591886549473,63.7234805257327,Rectiligne,0.0,Success,310.55611428072217
True,1.0,10.75,3861.563555433955,120.36712633826636,Weaving,5.224800746267055,Success,241.2594508230459
False,1744.18,0.0,690.3601770325612,136.21100136120663,Virage,6.256993769413605,Seeker Lost (FOR),100.0
False,2.08,3.855,1018.2801769870921,130.1322154310452,Weaving,5.679079006965539,Seeker Lost (FOR),294.5000217037284
True,1.72,4.67,1594.9241367023014,89.5766696859333,Rectiligne,0.0,Success,292.9858721335882
True,1.21,3.66,1256.5971862055897,100.99520623229719,Rectiligne,0.0,Success,289.3199314792168
False,521.61,17.12,4185.268706861834,64.64442182776943,Virage,6.5612917732813525,Seeker Lost (FOR),117.37996772160723
False,992.47,1.275,1297.1575802625312,125.44458252469857,Virage,7.544925550313956,Seeker Lost (FOR),275.62104450792117
True,1.0,8.66,3358.8424357726703,112.72174068997718,Rectiligne,0.0,Success,286.8333193840758
True,0.46,5.375,1862.6919581255581,100.73368852897781,Virage,2.3413403050037145,Success,288.0976143528647
True,1.13,2.56,845.2895052805475,111.50083884155737,Virage,5.325898228029823,Success,312.3975331225859
False,1233.94,15.09,4531.445445005612,115.18374546486099,Virage,2.905166460173831,Seeker Lost (FOR),141.93364635535806
False,441.54,5.29,965.7584477167622,121.43155491674626,Rectiligne,0.0,Seeker Lost (FOR),281.4818409680806
True,0.76,7.355,2469.9122343915483,65.87462079815414,Rectiligne,0.0,Success,284.22118224464555
True,0.65,5.43,2022.652160786388,114.73053569693069,Rectiligne,0.0,Success,285.06124670751126
True,1.17,4.385,1778.6613824515118,140.63426971636773,Rectiligne,0.0,Success,289.83046620836905
True,1.71,4.485,1136.4277126294303,119.8479962811881,Virage,7.628013197394565,Success,291.3003341483794
True,1.29,6.745,2195.0568772533506,117.01163999947225,Weaving,4.7416577611103055,Success,282.594979785755
True,1.17,7.41,2405.3286484494665,68.02629228768447,Weaving,3.945083683490909,Success,288.6088733186074
True,1.87,6.125,847.2428793539434,127.0874720363101,Weaving,2.150989969430245,Success,282.1976945125954
True,0.85,3.715,1089.7206864327861,133.13450566891254,Weaving,2.6621566629762348,Success,298.3734087069592
True,1.59,16.48,3543.633149848398,78.49279325633583,Virage,5.204066898189566,Success,121.51397764753878
True,1.12,12.63,4138.807419908539,86.78409582250328,Weaving,3.8467199137639567,Success,180.2478022100985
True,0.91,8.015,2873.569048076672,130.12592241515478,Rectiligne,0.0,Success,283.87286055936966
True,1.53,10.835,4433.526252735066,134.58922767334383,Rectiligne,0.0,Success,243.55622982885907
True,0.7,4.855,1727.5608481611048,93.74725601949808,Rectiligne,0.0,Success,288.3324295199057
True,0.74,6.4,2073.13285162392,100.20071146932355,Weaving,3.4996506936710703,Success,288.61131460511547
True,1.96,14.755,4276.293294252226,63.75995877258717,Weaving,4.7842879543039345,Success,151.9121530345366
True,1.44,12.035,2518.7066329201098,75.59239284370447,Virage,6.363408711949591,Success,204.39134690298542
True,1.07,3.73,1000.3408714590728,54.77494466188513,Weaving,3.8284544665457947,Success,295.04315619783324
True,1.5,17.6,3185.3256926852614,74.19381344209933,Virage,5.688857496655704,Success,131.5608969247431
True,1.44,8.535,2374.554178438429,147.46544909522217,Virage,5.043966179478719,Success,284.57747323716274
True,0.59,8.505,2993.68378588188,113.567079146863,Rectiligne,0.0,Success,290.53738870361315
True,1.32,11.54,4048.340073257819,112.82569624756565,Weaving,3.3300744334879395,Success,208.624707562445
False,1178.52,14.35,4160.789895002397,96.46228997470376,Virage,6.868986091085638,Seeker Lost (FOR),150.06321405620025
True,1.81,12.925,3992.856798665398,54.380627565912306,Rectiligne,0.0,Success,168.69948129630475
True,1.24,7.955,2819.2261516452445,75.33137652026174,Rectiligne,0.0,Success,289.0831258656307
True,1.26,13.095,4013.7870514029123,62.447500824438336,Weaving,4.973230822078484,Success,167.9232642857742
True,1.68,13.36,4881.756129418891,142.43104666269636,Weaving,4.908325297370543,Success,164.502747062125
True,0.97,12.92,4200.5357579294905,58.00689110749953,Rectiligne,0.0,Success,178.47424759243432
True,1.65,7.34,2417.5223279737047,54.23551628501295,Rectiligne,0.0,Success,286.78615918627327
True,1.91,5.2,1735.499120336859,57.504116498815925,Rectiligne,0.0,Success,291.0219535419839
True,1.93,9.185,3557.3477351661045,110.75729033208553,Rectiligne,0.0,Success,288.1027885350767
False,1173.32,14.075,4003.3191807808944,106.72446417241196,Virage,7.692941175593338,Seeker Lost (FOR),148.98026936327153
True,1.06,10.805,3933.880123093608,89.803404595245,Rectiligne,0.0,Success,242.12329824895627
True,1.11,10.285,3810.5368676574244,106.1672710759647,Rectiligne,0.0,Success,265.71176711444053
True,0.96,14.11,4983.643004696423,99.1200195254224,Weaving,3.8081707409815895,Success,153.5555696319085
True,0.71,3.09,895.0583349712898,81.95877720999701,Rectiligne,0.0,Success,294.90575863989216
True,0.98,11.725,4510.9925705925,142.7324456723178,Weaving,4.035022980697203,Success,209.08814593891105
True,1.15,5.115,1124.9459241726458,105.4021437259595,Weaving,4.20658773570571,Success,280.4266009564797
True,0.95,8.115,1891.8082288780797,102.56956548303,Weaving,2.295002851644956,Success,281.00135189433206
True,1.6,7.91,2524.8852304834822,137.79601516504118,Virage,3.0917788193128244,Success,287.2412945133664
True,1.25,7.185,2446.7822891688866,62.41611206390122,Rectiligne,0.0,Success,289.67158868071067
True,1.13,8.945,3691.9945963816062,139.49259168211245,Rectiligne,0.0,Success,285.16417285490473
